Nivel,Query,Arquivo,Texto,Score
Parágrafo,O que é autonomia e opacidade algorítmica?,bioetica_e_ia.md,## Autonomia e opacidade algorítmica,0.8035672903060913
Parágrafo,O que é autonomia e opacidade algorítmica?,bioetica_e_ia.md,"Além  disso,  a  opacidade  algorítmica  intro -duz novas camadas de assimetria informacional. Pacientes com menor escolaridade, acesso digital limitado ou baixo letramento em saúde são ainda mais vulneráveis a perda de autonomia, uma vez que enfrentam barreiras adicionais à compreen -são dos processos decisórios. Como defendido por Gerke, Minssen e Cohen, a autonomia não é ape -nas direito individual, mas fenômeno relacional que exige contextos adequados para ser exercida - entre eles, o acesso a informação clara e inteligível 6 .",0.6155563592910767
Parágrafo,O que é autonomia e opacidade algorítmica?,bioetica_e_ia.md,"1) Transparência e explicabilidade algorítmica: os sistemas devem ser auditáveis e compreensí -veis, para permitir ao médico e ao paciente enten -derem os critérios das decisões sugeridas  4,24 .",0.5804020166397095
Parágrafo,O que é o diário de bordo da IA?,escrita_academica_ia.md,"Como uma fase adicional e não obrigatória, recomenda-se que o uso de IA seja permeado pela reflexão do pesquisador, notadamente para aqueles que ainda não dominam o texto acadêmico. Após cada escrita com IA, realiza-se um exercício de documentação do processo, uma espécie de 'diário de bordo da IA'. Esse documento, que geralmente não integra o trabalho final, funciona como um exercício de autoavaliação.",0.5669774413108826
Parágrafo,O que é o diário de bordo da IA?,escrita_academica_ia.md,## Declaração de uso de IA,0.5239086747169495
Parágrafo,O que é o diário de bordo da IA?,escrita_academica_ia.md,## III. Refletindo sobre o processo de escrita com IA,0.49169108271598816
Parágrafo,Quais são os impactos da inteligência artificial?,bioetica_e_ia.md,"A inteligência artificial representa uma das transformações mais significativas da prática médica no século XXI. Ao mesmo tempo que oferece recursos poderosos para diagnósticos, prognósticos  e  terapias  personalizadas,  sua adoção  em  larga  escala  impõe  desafios  éti -cos profundos que reconfiguram os alicerces tradicionais da medicina. Tais transformações demandam não apenas atualização técnica dos profissionais de saúde, mas também reflexão crítica sobre os valores que devem nortear o uso dessas tecnologias.",0.6774048805236816
Parágrafo,Quais são os impactos da inteligência artificial?,bioetica_e_ia.md,"O avanço da inteligência artificial tem transformado profundamente a prática médica. De sistemas de apoio à decisão clínica a algoritmos de triagem e diagnóstico, a inteligência artificial tem demons -trado potencial para diagnósticos precoces, terapias personalizadas, otimização de recursos, redução de erros e ampliação do acesso a cuidados especializados. Contudo, essa revolução tecnológica impõe desafios éticos significativos aos princípios clássicos da bioética, como beneficência, não maleficência, confidencialidade e respeito à autonomia do doente, consagrados desde o Juramento de Hipócrates. A incorporação da inteligência artificial na medicina suscita tensões entre eficiência automatizada e valores humanos. Este artigo revisa a literatura sobre os principais dilemas éticos da aplicação da inteli -gência artificial na prática médica e avalia em que medida os princípios hipocráticos podem ser preser -vados ou adaptados diante das transformações tecnológicas, a fim de contribuir para o debate sobre os rumos éticos da medicina contemporânea em um cenário de crescente automação.",0.6538049578666687
Parágrafo,Quais são os impactos da inteligência artificial?,bioetica_e_ia.md,"A introdução da inteligência artificial (IA) na medicina representa um dos maiores saltos tecno -lógicos da história recente da saúde. De sistemas de apoio à decisão clínica a algoritmos de triagem e diagnóstico, a IA tem demonstrado potencial para diagnósticos  precoces,  terapias  personalizadas, otimização de recursos, redução de erros médicos e ampliação do acesso a cuidados especializados, especialmente em regiões remotas ou com escas -sez de profissionais de saúde qualificados  1,2 . Em áreas como dermatologia, radiologia e cardiologia, algoritmos baseados em deep learning (apren -dizado  profundo)  já  demonstram  desempenho comparável, ou mesmo superior, ao de especialis -tas humanos em tarefas específicas 3 .",0.6514896750450134
